RESNUM,RESNAME,H_X,H_Y,H_BEST_REF_SCORE,H_BEST_REF_COV,H_BEST_REF_MATCH,H_UCBShift,HA_X,HA_Y,HA_BEST_REF_SCORE,HA_BEST_REF_COV,HA_BEST_REF_MATCH,HA_UCBShift,C_X,C_Y,C_BEST_REF_SCORE,C_BEST_REF_COV,C_BEST_REF_MATCH,C_UCBShift,CA_X,CA_Y,CA_BEST_REF_SCORE,CA_BEST_REF_COV,CA_BEST_REF_MATCH,CA_UCBShift,CB_X,CB_Y,CB_BEST_REF_SCORE,CB_BEST_REF_COV,CB_BEST_REF_MATCH,CB_UCBShift,N_X,N_Y,N_BEST_REF_SCORE,N_BEST_REF_COV,N_BEST_REF_MATCH,N_UCBShift
1,ALA,8.218048182434233,,0,0,0,8.218048182434233,4.4569633186008435,,0,0,0,4.4569633186008435,174.8253208952492,,0,0,0,174.8253208952492,50.935296732894884,,0,0,0,50.935296732894884,18.163187059684763,,0,0,0,18.163187059684763,125.44276281132201,,0,0,0,125.44276281132201
2,PRO,,,0,0,0,,4.512471899669775,,0,0,0,4.512471899669775,176.69609590507272,,0,0,0,176.69609590507272,62.983947655550004,,0,0,0,62.983947655550004,32.30991709952825,,0,0,0,32.30991709952825,,,0,0,0,
3,ALA,8.2712458015207,,0,0,0,8.2712458015207,4.191738650169276,,0,0,0,4.191738650169276,177.32188146593407,,0,0,0,177.32188146593407,52.58075806504606,,0,0,0,52.58075806504606,18.31350665868576,,0,0,0,18.31350665868576,126.62034017869352,,0,0,0,126.62034017869352
4,ARG,8.104091835597735,,0,0,0,8.104091835597735,4.172637528285603,,0,0,0,4.172637528285603,175.56860780536687,,0,0,0,175.56860780536687,56.50414179474414,,0,0,0,56.50414179474414,30.032548765662114,,0,0,0,30.032548765662114,121.44858847347098,,0,0,0,121.44858847347098
5,SER,8.156473551365302,,0,0,0,8.156473551365302,4.514841821642247,,0,0,0,4.514841821642247,173.055996624864,,0,0,0,173.055996624864,56.703467428416026,,0,0,0,56.703467428416026,62.98609215038295,,0,0,0,62.98609215038295,117.8141339054279,,0,0,0,117.8141339054279
6,PRO,,,0,0,0,,4.479721807831058,,0,0,0,4.479721807831058,176.59375394981686,,0,0,0,176.59375394981686,63.13855421061716,,0,0,0,63.13855421061716,31.787700271944725,,0,0,0,31.787700271944725,,,0,0,0,
7,SER,8.21424227904873,,0,0,0,8.21424227904873,4.513650970895771,,0,0,0,4.513650970895771,173.12275280363525,,0,0,0,173.12275280363525,56.75987372738928,,0,0,0,56.75987372738928,63.02535433287268,,0,0,0,63.02535433287268,118.16447882475858,,0,0,0,118.16447882475858
8,PRO,,,0,0,0,,4.452566064235764,,0,0,0,4.452566064235764,176.674214104995,,0,0,0,176.674214104995,63.17206120130425,,0,0,0,63.17206120130425,31.82646335720391,,0,0,0,31.82646335720391,,,0,0,0,
9,SER,8.230177462071262,,0,0,0,8.230177462071262,4.346647674070374,,0,0,0,4.346647674070374,174.37195797120657,,0,0,0,174.37195797120657,58.569202148989895,,0,0,0,58.569202148989895,62.96559365181485,,0,0,0,62.96559365181485,117.68288217193917,,0,0,0,117.68288217193917
10,THR,8.001185283755134,,0,0,0,8.001185283755134,4.270922011149961,,0,0,0,4.270922011149961,173.74485337371516,,0,0,0,173.74485337371516,62.35968784104229,,0,0,0,62.35968784104229,69.42515091948607,,0,0,0,69.42515091948607,115.73568994895659,,0,0,0,115.73568994895659
11,GLN,8.063288953574203,,0,0,0,8.063288953574203,4.489707332190033,,0,0,0,4.489707332190033,175.56454574327896,,0,0,0,175.56454574327896,54.25730171842047,,0,0,0,54.25730171842047,29.355570564418915,,0,0,0,29.355570564418915,124.99951998507048,,0,0,0,124.99951998507048
12,PRO,,,0,0,0,,3.4748189408175167,,0,0,0,3.4748189408175167,177.84781085255855,,0,0,0,177.84781085255855,65.6986043580808,,0,0,0,65.6986043580808,31.851042513852814,,0,0,0,31.851042513852814,,,0,0,0,
13,TRP,8.337151273820623,,0,0,0,8.337151273820623,4.434448915440115,,0,0,0,4.434448915440115,177.9094728200244,,0,0,0,177.9094728200244,59.71321939174714,,0,0,0,59.71321939174714,27.826382844705297,,0,0,0,27.826382844705297,116.40742966991343,,0,0,0,116.40742966991343
14,GLU,7.690174533999334,,0,0,0,7.690174533999334,3.5851113542929287,,0,0,0,3.5851113542929287,178.5566680575591,,0,0,0,178.5566680575591,59.04727565908536,,0,0,0,59.04727565908536,29.000476515168167,,0,0,0,29.000476515168167,121.54736479849595,,0,0,0,121.54736479849595
15,HIS,7.548362549006549,,0,0,0,7.548362549006549,4.260133118664669,,0,0,0,4.260133118664669,176.58553479800756,,0,0,0,176.58553479800756,60.00274408525919,,0,0,0,60.00274408525919,30.50118595760906,,0,0,0,30.50118595760906,119.38154561236541,,0,0,0,119.38154561236541
16,VAL,7.953500491464091,,0,0,0,7.953500491464091,3.7146377953629695,,0,0,0,3.7146377953629695,178.06974929657565,,0,0,0,178.06974929657565,66.90861446309246,,0,0,0,66.90861446309246,31.73269977097902,,0,0,0,31.73269977097902,118.95794192110667,,0,0,0,118.95794192110667
17,ASN,8.449076654201354,,0,0,0,8.449076654201354,4.502331067404818,,0,0,0,4.502331067404818,177.77083487334886,,0,0,0,177.77083487334886,55.75536866748252,,0,0,0,55.75536866748252,37.76645127144522,,0,0,0,37.76645127144522,118.81758176909757,,0,0,0,118.81758176909757
18,ALA,7.949232016133866,,0,0,0,7.949232016133866,4.12763051973582,,0,0,0,4.12763051973582,179.19476540743148,,0,0,0,179.19476540743148,55.41672277617383,,0,0,0,55.41672277617383,18.338949489704742,,0,0,0,18.338949489704742,124.04020339521034,,0,0,0,124.04020339521034
19,ILE,8.324717625801975,,0,0,0,8.324717625801975,3.444236960950162,,0,0,0,3.444236960950162,177.7687512984349,,0,0,0,177.7687512984349,65.95132156510157,,0,0,0,65.95132156510157,37.88958116277611,,0,0,0,37.88958116277611,119.01163373907204,,0,0,0,119.01163373907204
20,GLN,8.142436137962038,,0,0,0,8.142436137962038,4.045131702741703,,0,0,0,4.045131702741703,178.7851295052836,,0,0,0,178.7851295052836,59.05422323979909,,0,0,0,59.05422323979909,28.509505325502275,,0,0,0,28.509505325502275,119.00370288155733,,0,0,0,119.00370288155733
21,GLU,8.314869172788322,,0,0,0,8.314869172788322,4.112976753815629,,0,0,0,4.112976753815629,178.5648752148962,,0,0,0,178.5648752148962,58.71838626147741,,0,0,0,58.71838626147741,29.07583354314019,,0,0,0,29.07583354314019,120.74038042602398,,0,0,0,120.74038042602398
22,ALA,8.40604085977356,,0,0,0,8.40604085977356,3.8603984587107343,,0,0,0,3.8603984587107343,179.09534034194695,,0,0,0,179.09534034194695,55.457077838283936,,0,0,0,55.457077838283936,18.1201209999667,,0,0,0,18.1201209999667,121.74718231050616,,0,0,0,121.74718231050616
23,ARG,8.17642010979576,,0,0,0,8.17642010979576,3.872276116111666,,0,0,0,3.872276116111666,178.3542851223277,,0,0,0,178.3542851223277,59.98990956184371,,0,0,0,59.98990956184371,30.279313806504607,,0,0,0,30.279313806504607,117.16230341947497,,0,0,0,117.16230341947497
24,ARG,7.879493132634033,,0,0,0,7.879493132634033,4.079245394222444,,0,0,0,4.079245394222444,179.23252937639583,,0,0,0,179.23252937639583,59.4080642013209,,0,0,0,59.4080642013209,30.150626353774,,0,0,0,30.150626353774,120.54051532081807,,0,0,0,120.54051532081807
25,LEU,8.087568273210124,,0,0,0,8.087568273210124,4.097297422205572,,0,0,0,4.097297422205572,179.46548583870018,,0,0,0,179.46548583870018,57.647996701109996,,0,0,0,57.647996701109996,42.07083340050505,,0,0,0,42.07083340050505,119.67102080183705,,0,0,0,119.67102080183705
26,LEU,8.230957950277501,,0,0,0,8.230957950277501,3.89873649518537,,0,0,0,3.89873649518537,178.79849434743588,,0,0,0,178.79849434743588,58.01232035342991,,0,0,0,58.01232035342991,41.8091204976801,,0,0,0,41.8091204976801,119.83619671968587,,0,0,0,119.83619671968587
27,ASN,8.279834173892775,,0,0,0,8.279834173892775,4.5414992132728385,,0,0,0,4.5414992132728385,177.09920962817736,,0,0,0,177.09920962817736,55.6510166012876,,0,0,0,55.6510166012876,38.15810674436674,,0,0,0,38.15810674436674,117.52839163020313,,0,0,0,117.52839163020313
28,LEU,7.5661056994117,,0,0,0,7.5661056994117,4.372754667593518,,0,0,0,4.372754667593518,177.19557741931402,,0,0,0,177.19557741931402,55.10809351138861,,0,0,0,55.10809351138861,42.92630435908536,,0,0,0,42.92630435908536,118.0707661580808,,0,0,0,118.0707661580808
29,SER,7.574398611383062,,0,0,0,7.574398611383062,4.39865589982795,,0,0,0,4.39865589982795,175.6602196108336,,0,0,0,175.6602196108336,58.46613071976912,,0,0,0,58.46613071976912,63.67296162247197,,0,0,0,63.67296162247197,115.11411986284827,,0,0,0,115.11411986284827
30,ARG,8.398946642241093,,0,0,0,8.398946642241093,4.459043925635475,,0,0,0,4.459043925635475,176.36579607798313,,0,0,0,176.36579607798313,55.91128436118881,,0,0,0,55.91128436118881,30.434560121689422,,0,0,0,30.434560121689422,124.9982714036519,,0,0,0,124.9982714036519
31,ASP,8.143728495343545,,0,0,0,8.143728495343545,4.684266330969031,,0,0,0,4.684266330969031,176.00503043055835,,0,0,0,176.00503043055835,55.27602713492619,,0,0,0,55.27602713492619,40.68528591061161,,0,0,0,40.68528591061161,121.29919654882896,,0,0,0,121.29919654882896
32,THR,8.251458046997447,,0,0,0,8.251458046997447,4.5570158061660555,,0,0,0,4.5570158061660555,175.55195852216116,,0,0,0,175.55195852216116,60.73716252924297,,0,0,0,60.73716252924297,70.36892036766567,,0,0,0,70.36892036766567,115.35489930091019,,0,0,0,115.35489930091019
33,ALA,8.759927838949938,,0,0,0,8.759927838949938,4.018979863647464,,0,0,0,4.018979863647464,179.2061776358919,,0,0,0,179.2061776358919,54.868981503085806,,0,0,0,54.868981503085806,18.202444243073593,,0,0,0,18.202444243073593,126.45354032897657,,0,0,0,126.45354032897657
34,ALA,8.273623513636364,,0,0,0,8.273623513636364,4.250951631773782,,0,0,0,4.250951631773782,178.47955412777225,,0,0,0,178.47955412777225,53.84049506921412,,0,0,0,53.84049506921412,18.50550110511711,,0,0,0,18.50550110511711,118.65104103313908,,0,0,0,118.65104103313908
35,GLU,7.769175187690086,,0,0,0,7.769175187690086,4.340969886169386,,0,0,0,4.340969886169386,176.6891929517316,,0,0,0,176.6891929517316,56.90736676647796,,0,0,0,56.90736676647796,30.31317306025641,,0,0,0,30.31317306025641,116.26601253797314,,0,0,0,116.26601253797314
36,MET,7.630798481912532,,0,0,0,7.630798481912532,4.425085407092907,,0,0,0,4.425085407092907,175.45703336159397,,0,0,0,175.45703336159397,54.711058394727495,,0,0,0,54.711058394727495,32.910452086363634,,0,0,0,32.910452086363634,119.04073211372516,,0,0,0,119.04073211372516
37,ASN,8.227238392568543,,0,0,0,8.227238392568543,4.55600094475247,,0,0,0,4.55600094475247,174.67249133533687,,0,0,0,174.67249133533687,53.94900406924742,,0,0,0,53.94900406924742,38.38520354827395,,0,0,0,38.38520354827395,119.1376645479576,,0,0,0,119.1376645479576
38,GLU,8.12193253970474,,0,0,0,8.12193253970474,4.4495721001665,,0,0,0,4.4495721001665,175.20664596527362,,0,0,0,175.20664596527362,55.88876795853036,,0,0,0,55.88876795853036,31.008726766550115,,0,0,0,31.008726766550115,119.15898722926518,,0,0,0,119.15898722926518
39,THR,8.286359202414253,,0,0,0,8.286359202414253,5.116542545432345,,0,0,0,5.116542545432345,174.4461431481241,,0,0,0,174.4461431481241,60.808916542712836,,0,0,0,60.808916542712836,70.0858062533633,,0,0,0,70.0858062533633,116.31828099658674,,0,0,0,116.31828099658674
40,VAL,8.903571189926739,,0,0,0,8.903571189926739,4.4017368861915855,,0,0,0,4.4017368861915855,174.21432783314464,,0,0,0,174.21432783314464,60.324693635697635,,0,0,0,60.324693635697635,35.0864445998113,,0,0,0,35.0864445998113,124.20081546518482,,0,0,0,124.20081546518482
41,GLU,8.475858756571206,,0,0,0,8.475858756571206,4.962371378499278,,0,0,0,4.962371378499278,176.04418949115885,,0,0,0,176.04418949115885,56.03522028845599,,0,0,0,56.03522028845599,30.3552836996892,,0,0,0,30.3552836996892,126.84330271099456,,0,0,0,126.84330271099456
42,VAL,8.895435434704185,,0,0,0,8.895435434704185,4.503110879365079,,0,0,0,4.503110879365079,174.9269766885337,,0,0,0,174.9269766885337,59.53065468891109,,0,0,0,59.53065468891109,35.36326766896437,,0,0,0,35.36326766896437,118.04076404509935,,0,0,0,118.04076404509935
43,ILE,8.564267518475969,,0,0,0,8.564267518475969,4.357027035647686,,0,0,0,4.357027035647686,176.59882538714618,,0,0,0,176.59882538714618,60.69838679838495,,0,0,0,60.69838679838495,37.05117403975469,,0,0,0,37.05117403975469,121.55075221606727,,0,0,0,121.55075221606727
44,SER,8.866998136613386,,0,0,0,8.866998136613386,4.268460832054057,,0,0,0,4.268460832054057,174.65026389174713,,0,0,0,174.65026389174713,59.34650894209124,,0,0,0,59.34650894209124,63.89589874376179,,0,0,0,63.89589874376179,123.53428156154402,,0,0,0,123.53428156154402
45,GLU,8.063303603130203,,0,0,0,8.063303603130203,4.410204268056943,,0,0,0,4.410204268056943,175.76283874242978,,0,0,0,175.76283874242978,56.24894486560662,,0,0,0,56.24894486560662,30.432986081906982,,0,0,0,30.432986081906982,122.49835930801976,,0,0,0,122.49835930801976
46,MET,8.355717952575201,,0,0,0,8.355717952575201,4.157264909729159,,0,0,0,4.157264909729159,175.5623876814519,,0,0,0,175.5623876814519,55.84840158479298,,0,0,0,55.84840158479298,32.64746747890443,,0,0,0,32.64746747890443,121.60598356733821,,0,0,0,121.60598356733821
47,PHE,8.27482588012543,,0,0,0,8.27482588012543,4.061804494422244,,0,0,0,4.061804494422244,175.0116133621212,,0,0,0,175.0116133621212,57.70978362979243,,0,0,0,57.70978362979243,39.39932565858586,,0,0,0,39.39932565858586,123.37201832111222,,0,0,0,123.37201832111222
48,ASP,8.21809746990787,,0,0,0,8.21809746990787,4.670131549930625,,0,0,0,4.670131549930625,176.717564756216,,0,0,0,176.717564756216,53.92454708902764,,0,0,0,53.92454708902764,41.05770070740371,,0,0,0,41.05770070740371,124.34900222103452,,0,0,0,124.34900222103452
49,LEU,8.316790047385947,,0,0,0,8.316790047385947,4.164532956213232,,0,0,0,4.164532956213232,177.71301934079253,,0,0,0,177.71301934079253,57.178696344699745,,0,0,0,57.178696344699745,42.02624524425574,,0,0,0,42.02624524425574,125.17491611835386,,0,0,0,125.17491611835386
50,GLN,8.104801752808303,,0,0,0,8.104801752808303,4.356917004445554,,0,0,0,4.356917004445554,175.8057708995116,,0,0,0,175.8057708995116,56.04361700735376,,0,0,0,56.04361700735376,28.962858564146963,,0,0,0,28.962858564146963,115.72129363606393,,0,0,0,115.72129363606393
51,GLU,7.722472882473082,,0,0,0,7.722472882473082,4.557201716333666,,0,0,0,4.557201716333666,174.74493349817405,,0,0,0,174.74493349817405,53.61543423660784,,0,0,0,53.61543423660784,30.610376594028196,,0,0,0,30.610376594028196,120.08980485909092,,0,0,0,120.08980485909092
52,PRO,,,0,0,0,,4.452834734743035,,0,0,0,4.452834734743035,177.11750348111335,,0,0,0,177.11750348111335,64.49625464640914,,0,0,0,64.49625464640914,31.732826605816406,,0,0,0,31.732826605816406,,,0,0,0,
53,THR,8.29571551926407,,0,0,0,8.29571551926407,4.274370953918304,,0,0,0,4.274370953918304,175.5579507092241,,0,0,0,175.5579507092241,63.51134567136752,,0,0,0,63.51134567136752,68.91196270475635,,0,0,0,68.91196270475635,111.18502431958596,,0,0,0,111.18502431958596
54,CYS,7.41933882994783,,0,0,0,7.41933882994783,4.517961550410701,,0,0,0,4.517961550410701,175.1014828062715,,0,0,0,175.1014828062715,57.847225909762464,,0,0,0,57.847225909762464,29.919920032112334,,0,0,0,29.919920032112334,117.8675306145743,,0,0,0,117.8675306145743
55,LEU,7.8881964731934735,,0,0,0,7.8881964731934735,4.314175658358309,,0,0,0,4.314175658358309,177.75675263036962,,0,0,0,177.75675263036962,58.54567493500389,,0,0,0,58.54567493500389,41.869691673953824,,0,0,0,41.869691673953824,123.68181537630701,,0,0,0,123.68181537630701
56,GLN,9.13157894909535,,0,0,0,9.13157894909535,3.8694883262931516,,0,0,0,3.8694883262931516,177.6065299566045,,0,0,0,177.6065299566045,59.720706397091796,,0,0,0,59.720706397091796,28.266787789693637,,0,0,0,28.266787789693637,117.46854355922966,,0,0,0,117.46854355922966
57,THR,7.939175701071151,,0,0,0,7.939175701071151,3.9146771615245863,,0,0,0,3.9146771615245863,176.23024256523476,,0,0,0,176.23024256523476,65.93061491488511,,0,0,0,65.93061491488511,68.35723740405706,,0,0,0,68.35723740405706,116.72711997032967,,0,0,0,116.72711997032967
58,ARG,8.14441148973804,,0,0,0,8.14441148973804,3.748522173989899,,0,0,0,3.748522173989899,177.43481741646687,,0,0,0,177.43481741646687,60.02566016576757,,0,0,0,60.02566016576757,29.902836084110334,,0,0,0,29.902836084110334,122.53827865685426,,0,0,0,122.53827865685426
59,LEU,8.344146447613497,,0,0,0,8.344146447613497,4.053221901237651,,0,0,0,4.053221901237651,178.7320698979576,,0,0,0,178.7320698979576,58.126837708280604,,0,0,0,58.126837708280604,42.063635566827614,,0,0,0,42.063635566827614,119.40262751517926,,0,0,0,119.40262751517926
60,GLU,8.005616529281829,,0,0,0,8.005616529281829,4.0964261588078585,,0,0,0,4.0964261588078585,179.09702287115107,,0,0,0,179.09702287115107,59.10180856149961,,0,0,0,59.10180856149961,29.348266593190143,,0,0,0,29.348266593190143,119.57309290304696,,0,0,0,119.57309290304696
61,LEU,8.279848415878567,,0,0,0,8.279848415878567,4.031486398235098,,0,0,0,4.031486398235098,179.11058469506048,,0,0,0,179.11058469506048,57.99265951275947,,0,0,0,57.99265951275947,41.77748418437118,,0,0,0,41.77748418437118,120.68018748500944,,0,0,0,120.68018748500944
62,TYR,8.558451051998,,0,0,0,8.558451051998,4.493171014635365,,0,0,0,4.493171014635365,178.66876687357643,,0,0,0,178.66876687357643,59.53793677060717,,0,0,0,59.53793677060717,37.23573473018093,,0,0,0,37.23573473018093,119.09896187587968,,0,0,0,119.09896187587968
63,LYS,8.370123912193362,,0,0,0,8.370123912193362,4.019158501343101,,0,0,0,4.019158501343101,178.85984311779887,,0,0,0,178.85984311779887,60.136580980747034,,0,0,0,60.136580980747034,32.622673840848044,,0,0,0,32.622673840848044,118.21947040346876,,0,0,0,118.21947040346876
64,GLN,7.9504171473581975,,0,0,0,7.9504171473581975,4.140585629281829,,0,0,0,4.140585629281829,177.91535441898102,,0,0,0,177.91535441898102,58.0183491500222,,0,0,0,58.0183491500222,28.71139338202353,,0,0,0,28.71139338202353,118.08700156032856,,0,0,0,118.08700156032856
65,GLY,7.726052080613831,,0,0,0,7.726052080613831,3.6807679683621926,,0,0,0,3.6807679683621926,173.6855468060495,,0,0,0,173.6855468060495,44.902458672627375,,0,0,0,44.902458672627375,,,0,0,0,,106.02383815769785,,0,0,0,106.02383815769785
66,LEU,7.357193141730493,,0,0,0,7.357193141730493,4.338282568592519,,0,0,0,4.338282568592519,175.6227743986791,,0,0,0,175.6227743986791,55.54144597245532,,0,0,0,55.54144597245532,42.07789031119991,,0,0,0,42.07789031119991,119.9344642603785,,0,0,0,119.9344642603785
67,ARG,7.6930742885947385,,0,0,0,7.6930742885947385,4.613026803568653,,0,0,0,4.613026803568653,176.77067981390277,,0,0,0,176.77067981390277,54.065113357148405,,0,0,0,54.065113357148405,32.37891670474526,,0,0,0,32.37891670474526,121.17078329118104,,0,0,0,121.17078329118104
68,GLY,8.8209142494561,,0,0,0,8.8209142494561,3.9510596694971696,,0,0,0,3.9510596694971696,175.86807574136975,,0,0,0,175.86807574136975,46.573303482001336,,0,0,0,46.573303482001336,,,0,0,0,,110.0192977515873,,0,0,0,110.0192977515873
69,SER,8.75205236013431,,0,0,0,8.75205236013431,4.448043842673992,,0,0,0,4.448043842673992,175.58947223781217,,0,0,0,175.58947223781217,60.50866496325896,,0,0,0,60.50866496325896,63.39883430143745,,0,0,0,63.39883430143745,119.61908379098679,,0,0,0,119.61908379098679
70,LEU,7.8716094102342105,,0,0,0,7.8716094102342105,4.263660431421356,,0,0,0,4.263660431421356,177.90778460022753,,0,0,0,177.90778460022753,56.56489494943945,,0,0,0,56.56489494943945,41.98024489393939,,0,0,0,41.98024489393939,121.25862283798423,,0,0,0,121.25862283798423
71,THR,8.060830422094572,,0,0,0,8.060830422094572,4.132069659784659,,0,0,0,4.132069659784659,176.44129475003328,,0,0,0,176.44129475003328,64.97498799679764,,0,0,0,64.97498799679764,68.49358476736596,,0,0,0,68.49358476736596,112.57280279703629,,0,0,0,112.57280279703629
72,LYS,7.653730257509157,,0,0,0,7.653730257509157,4.240326960905761,,0,0,0,4.240326960905761,177.51472990100456,,0,0,0,177.51472990100456,58.22362167725053,,0,0,0,58.22362167725053,32.111051863492065,,0,0,0,32.111051863492065,120.65836382036852,,0,0,0,120.65836382036852
73,LEU,7.871982464335664,,0,0,0,7.871982464335664,4.276130064241315,,0,0,0,4.276130064241315,177.3212545248196,,0,0,0,177.3212545248196,56.04333438885004,,0,0,0,56.04333438885004,42.18460079522144,,0,0,0,42.18460079522144,117.4682160046953,,0,0,0,117.4682160046953
74,LYS,7.751553973559773,,0,0,0,7.751553973559773,3.826373546961372,,0,0,0,3.826373546961372,178.35800963273948,,0,0,0,178.35800963273948,60.745336462060166,,0,0,0,60.745336462060166,32.37714615657121,,0,0,0,32.37714615657121,120.5410745407648,,0,0,0,120.5410745407648
75,GLY,8.146806042429793,,0,0,0,8.146806042429793,3.987209335031635,,0,0,0,3.987209335031635,175.39834182602397,,0,0,0,175.39834182602397,48.004071080075484,,0,0,0,48.004071080075484,,,0,0,0,,107.29223516332556,,0,0,0,107.29223516332556
76,PRO,,,0,0,0,,4.29858471028416,,0,0,0,4.29858471028416,178.7970611128538,,0,0,0,178.7970611128538,65.62097866516261,,0,0,0,65.62097866516261,32.24478056117771,,0,0,0,32.24478056117771,,,0,0,0,
77,LEU,8.417081888644688,,0,0,0,8.417081888644688,4.061179556993007,,0,0,0,4.061179556993007,178.97782732858806,,0,0,0,178.97782732858806,58.082566639660335,,0,0,0,58.082566639660335,41.87300717125097,,0,0,0,41.87300717125097,115.59275922456432,,0,0,0,115.59275922456432
78,THR,8.276959689199689,,0,0,0,8.276959689199689,3.9819077517343766,,0,0,0,3.9819077517343766,176.50019507192806,,0,0,0,176.50019507192806,67.40334535400154,,0,0,0,67.40334535400154,68.38900829473859,,0,0,0,68.38900829473859,117.50380341757688,,0,0,0,117.50380341757688
79,MET,8.091815383044732,,0,0,0,8.091815383044732,4.00918523038628,,0,0,0,4.00918523038628,178.40434871187148,,0,0,0,178.40434871187148,59.29697936055056,,0,0,0,59.29697936055056,32.73688213832279,,0,0,0,32.73688213832279,121.55698247892107,,0,0,0,121.55698247892107
80,MET,8.445176143167942,,0,0,0,8.445176143167942,3.9999527973609723,,0,0,0,3.9999527973609723,177.51759213253968,,0,0,0,177.51759213253968,59.36520696923632,,0,0,0,59.36520696923632,32.59737290995116,,0,0,0,32.59737290995116,118.6441422479909,,0,0,0,118.6441422479909
81,ALA,8.632182667143967,,0,0,0,8.632182667143967,4.031125762515263,,0,0,0,4.031125762515263,179.69699571015653,,0,0,0,179.69699571015653,55.85553079224109,,0,0,0,55.85553079224109,18.34333119892885,,0,0,0,18.34333119892885,121.53270544183039,,0,0,0,121.53270544183039
82,SER,8.470136128754579,,0,0,0,8.470136128754579,4.238976831593407,,0,0,0,4.238976831593407,177.14345035724276,,0,0,0,177.14345035724276,61.6134279501554,,0,0,0,61.6134279501554,62.84057111610611,,0,0,0,62.84057111610611,113.56977215558331,,0,0,0,113.56977215558331
83,HIS,8.103584322111223,,0,0,0,8.103584322111223,4.486060035314686,,0,0,0,4.486060035314686,177.7938131005661,,0,0,0,177.7938131005661,58.78876937844933,,0,0,0,58.78876937844933,30.519791133638584,,0,0,0,30.519791133638584,120.39465175593851,,0,0,0,120.39465175593851
84,TYR,8.08713774180819,,0,0,0,8.08713774180819,4.349611190892441,,0,0,0,4.349611190892441,178.1910486987679,,0,0,0,178.1910486987679,61.93287919191364,,0,0,0,61.93287919191364,37.9644014467699,,0,0,0,37.9644014467699,117.86909960133755,,0,0,0,117.86909960133755
85,LYS,8.234466714141414,,0,0,0,8.234466714141414,4.130849367698968,,0,0,0,4.130849367698968,178.49984676232657,,0,0,0,178.49984676232657,59.12299527104007,,0,0,0,59.12299527104007,32.44729961756577,,0,0,0,32.44729961756577,120.18738209524365,,0,0,0,120.18738209524365
86,GLN,7.756308391996892,,0,0,0,7.756308391996892,4.229261873976024,,0,0,0,4.229261873976024,177.649329104218,,0,0,0,177.649329104218,57.73184515264735,,0,0,0,57.73184515264735,29.570315400033298,,0,0,0,29.570315400033298,116.0012853636974,,0,0,0,116.0012853636974
87,ARG,7.4868645946608945,,0,0,0,7.4868645946608945,4.479099471334221,,0,0,0,4.479099471334221,176.22629501620602,,0,0,0,176.22629501620602,56.20330604705295,,0,0,0,56.20330604705295,32.868410503335554,,0,0,0,32.868410503335554,115.74863223110223,,0,0,0,115.74863223110223
88,CYS,8.316145484432235,,0,0,0,8.316145484432235,5.156112711161061,,0,0,0,5.156112711161061,172.443049581463,,0,0,0,172.443049581463,52.88866478952714,,0,0,0,52.88866478952714,41.37716236822622,,0,0,0,41.37716236822622,118.26584089066489,,0,0,0,118.26584089066489
89,PRO,,,0,0,0,,4.7236337924741925,,0,0,0,4.7236337924741925,171.26652122350984,,0,0,0,171.26652122350984,61.4330386995227,,0,0,0,61.4330386995227,30.860613276623376,,0,0,0,30.860613276623376,,,0,0,0,
90,PRO,,,0,0,0,,4.479968951387502,,0,0,0,4.479968951387502,176.9355028973471,,0,0,0,176.9355028973471,62.796547617970916,,0,0,0,62.796547617970916,32.053560135109336,,0,0,0,32.053560135109336,,,0,0,0,
91,THR,8.365101726162727,,0,0,0,8.365101726162727,4.51642844001554,,0,0,0,4.51642844001554,172.95820043863912,,0,0,0,172.95820043863912,60.3478370088467,,0,0,0,60.3478370088467,69.79822485346875,,0,0,0,69.79822485346875,119.07656591893662,,0,0,0,119.07656591893662
92,PRO,,,0,0,0,,4.477275629373405,,0,0,0,4.477275629373405,177.72900906157733,,0,0,0,177.72900906157733,62.728380378199574,,0,0,0,62.728380378199574,32.1786335984349,,0,0,0,32.1786335984349,,,0,0,0,
93,GLU,8.892741247091797,,0,0,0,8.892741247091797,3.8903302540986795,,0,0,0,3.8903302540986795,178.24078711528472,,0,0,0,178.24078711528472,59.465078069030966,,0,0,0,59.465078069030966,29.367881405350204,,0,0,0,29.367881405350204,124.4497982959485,,0,0,0,124.4497982959485
94,THR,7.728905934465534,,0,0,0,7.728905934465534,4.251577817532467,,0,0,0,4.251577817532467,175.38832637728382,,0,0,0,175.38832637728382,63.26668272536352,,0,0,0,63.26668272536352,68.88647523985459,,0,0,0,68.88647523985459,108.78266828957709,,0,0,0,108.78266828957709
95,SER,7.733594249578201,,0,0,0,7.733594249578201,4.507151677899878,,0,0,0,4.507151677899878,173.8256490549395,,0,0,0,173.8256490549395,58.334447371145515,,0,0,0,58.334447371145515,64.06318172362081,,0,0,0,64.06318172362081,115.76361753423798,,0,0,0,115.76361753423798
96,CYS,7.5337457788378295,,0,0,0,7.5337457788378295,4.491396400896326,,0,0,0,4.491396400896326,173.30654465426238,,0,0,0,173.30654465426238,58.018664798224,,0,0,0,58.018664798224,27.36251943730159,,0,0,0,27.36251943730159,121.82896483843933,,0,0,0,121.82896483843933
97,ALA,8.442186850999,,0,0,0,8.442186850999,4.39267250941836,,0,0,0,4.39267250941836,177.43078920700412,,0,0,0,177.43078920700412,52.107349255727605,,0,0,0,52.107349255727605,19.244752364962817,,0,0,0,19.244752364962817,128.412361050333,,0,0,0,128.412361050333
98,THR,8.366099380935731,,0,0,0,8.366099380935731,5.254551746497946,,0,0,0,5.254551746497946,174.2181890143634,,0,0,0,174.2181890143634,60.27788015379065,,0,0,0,60.27788015379065,70.96296363534799,,0,0,0,70.96296363534799,113.99770481509601,,0,0,0,113.99770481509601
99,GLN,8.883333511066711,,0,0,0,8.883333511066711,4.625063619391719,,0,0,0,4.625063619391719,174.04778588557554,,0,0,0,174.04778588557554,54.14042850682651,,0,0,0,54.14042850682651,32.20504683152403,,0,0,0,32.20504683152403,121.32931879475524,,0,0,0,121.32931879475524
100,ILE,8.455074372677323,,0,0,0,8.455074372677323,4.64516599939505,,0,0,0,4.64516599939505,176.01437871447996,,0,0,0,176.01437871447996,60.079230505694305,,0,0,0,60.079230505694305,38.177061527289375,,0,0,0,38.177061527289375,122.16095766455767,,0,0,0,122.16095766455767
101,ILE,8.915627113408814,,0,0,0,8.915627113408814,4.914042831579532,,0,0,0,4.914042831579532,174.94890198242314,,0,0,0,174.94890198242314,59.281263978138526,,0,0,0,59.281263978138526,41.647077858080806,,0,0,0,41.647077858080806,123.7480682985903,,0,0,0,123.7480682985903
102,THR,8.611765774714176,,0,0,0,8.611765774714176,4.763049363680763,,0,0,0,4.763049363680763,175.92049312380396,,0,0,0,175.92049312380396,61.11484526967477,,0,0,0,61.11484526967477,71.03815507481407,,0,0,0,71.03815507481407,111.91835554374514,,0,0,0,111.91835554374514
103,PHE,8.708294725141526,,0,0,0,8.708294725141526,4.1358357480158725,,0,0,0,4.1358357480158725,176.4419674295649,,0,0,0,176.4419674295649,62.57967093805639,,0,0,0,62.57967093805639,39.24330515779776,,0,0,0,39.24330515779776,123.51631505874681,,0,0,0,123.51631505874681
104,GLU,8.948539858341658,,0,0,0,8.948539858341658,3.9063165659229657,,0,0,0,3.9063165659229657,178.97668467237207,,0,0,0,178.97668467237207,60.16221730884671,,0,0,0,60.16221730884671,29.28596338120213,,0,0,0,29.28596338120213,118.4114993460262,,0,0,0,118.4114993460262
105,SER,7.992832947113998,,0,0,0,7.992832947113998,4.273692723160173,,0,0,0,4.273692723160173,176.82287761066155,,0,0,0,176.82287761066155,61.039775189765784,,0,0,0,61.039775189765784,63.21431361086691,,0,0,0,63.21431361086691,115.70781258166834,,0,0,0,115.70781258166834
106,PHE,8.799946343528694,,0,0,0,8.799946343528694,4.009742954734154,,0,0,0,4.009742954734154,176.49184732471417,,0,0,0,176.49184732471417,61.817669515972916,,0,0,0,61.817669515972916,39.00948816155511,,0,0,0,39.00948816155511,124.71928156122766,,0,0,0,124.71928156122766
107,LYS,8.142618478893327,,0,0,0,8.142618478893327,3.489341015956266,,0,0,0,3.489341015956266,177.95847704266288,,0,0,0,177.95847704266288,60.06040465333555,,0,0,0,60.06040465333555,32.187686704323454,,0,0,0,32.187686704323454,118.42797669945611,,0,0,0,118.42797669945611
108,GLU,7.734478946853147,,0,0,0,7.734478946853147,3.9009849566544568,,0,0,0,3.9009849566544568,178.987321164874,,0,0,0,178.987321164874,58.75752452762793,,0,0,0,58.75752452762793,29.227846824353424,,0,0,0,29.227846824353424,117.79196703094684,,0,0,0,117.79196703094684
109,ASN,8.07570106024531,,0,0,0,8.07570106024531,4.361741894844045,,0,0,0,4.361741894844045,177.3018570840881,,0,0,0,177.3018570840881,56.770766274614274,,0,0,0,56.770766274614274,39.892467173298925,,0,0,0,39.892467173298925,118.95208891636698,,0,0,0,118.95208891636698
110,LEU,8.166332512853813,,0,0,0,8.166332512853813,3.405676791716617,,0,0,0,3.405676791716617,178.18691297886556,,0,0,0,178.18691297886556,57.76871426399711,,0,0,0,57.76871426399711,40.47775168016983,,0,0,0,40.47775168016983,120.77373696114996,,0,0,0,120.77373696114996
111,LYS,8.0071451006216,,0,0,0,8.0071451006216,3.6168887438228436,,0,0,0,3.6168887438228436,178.7692479040515,,0,0,0,178.7692479040515,60.47620427553002,,0,0,0,60.47620427553002,32.18502314600955,,0,0,0,32.18502314600955,118.6500106961261,,0,0,0,118.6500106961261
112,ASP,7.994008751132202,,0,0,0,7.994008751132202,4.392624522322122,,0,0,0,4.392624522322122,178.68451115861362,,0,0,0,178.68451115861362,57.14136098100788,,0,0,0,57.14136098100788,40.26826245693751,,0,0,0,40.26826245693751,119.28427094846265,,0,0,0,119.28427094846265
113,PHE,8.151859347208347,,0,0,0,8.151859347208347,4.180166202153401,,0,0,0,4.180166202153401,177.1955934354368,,0,0,0,177.1955934354368,61.02664573547008,,0,0,0,61.02664573547008,39.74165268962704,,0,0,0,39.74165268962704,122.3017386571706,,0,0,0,122.3017386571706
114,LEU,7.967158884920635,,0,0,0,7.967158884920635,3.691101751948052,,0,0,0,3.691101751948052,178.28416623957153,,0,0,0,178.28416623957153,57.10043587831058,,0,0,0,57.10043587831058,41.77653422458097,,0,0,0,41.77653422458097,116.36274707591298,,0,0,0,116.36274707591298
115,LEU,7.462573635214786,,0,0,0,7.462573635214786,4.0741043366411365,,0,0,0,4.0741043366411365,178.67360138530913,,0,0,0,178.67360138530913,56.951044031396385,,0,0,0,56.951044031396385,42.38687938944944,,0,0,0,42.38687938944944,116.96503093331113,,0,0,0,116.96503093331113
116,VAL,7.239794293467643,,0,0,0,7.239794293467643,4.205681508003107,,0,0,0,4.205681508003107,175.69670725059387,,0,0,0,175.69670725059387,61.904585189072044,,0,0,0,61.904585189072044,33.03144737942058,,0,0,0,33.03144737942058,112.40369452026862,,0,0,0,112.40369452026862
117,ILE,7.150267706704407,,0,0,0,7.150267706704407,3.488613093886668,,0,0,0,3.488613093886668,174.46833609979464,,0,0,0,174.46833609979464,59.518164771944726,,0,0,0,59.518164771944726,38.30207247881008,,0,0,0,38.30207247881008,124.54695193586414,,0,0,0,124.54695193586414
118,PRO,,,0,0,0,,4.358574615881341,,0,0,0,4.358574615881341,176.10644902449218,,0,0,0,176.10644902449218,62.61674146588411,,0,0,0,62.61674146588411,32.057063515911864,,0,0,0,32.057063515911864,,,0,0,0,
119,PHE,8.771675675929627,,0,0,0,8.771675675929627,3.7591510519785762,,0,0,0,3.7591510519785762,176.72660926648908,,0,0,0,176.72660926648908,58.755566624425576,,0,0,0,58.755566624425576,39.12902054018759,,0,0,0,39.12902054018759,120.42003397077922,,0,0,0,120.42003397077922
120,ASP,8.684485759440559,,0,0,0,8.684485759440559,4.447540394325119,,0,0,0,4.447540394325119,177.55310835023866,,0,0,0,177.55310835023866,56.88391073616939,,0,0,0,56.88391073616939,39.78248494302365,,0,0,0,39.78248494302365,121.13998709447775,,0,0,0,121.13998709447775
121,CYS,8.3101300002664,,0,0,0,8.3101300002664,4.606409208785658,,0,0,0,4.606409208785658,174.65729908382173,,0,0,0,174.65729908382173,56.80063090417361,,0,0,0,56.80063090417361,40.68897295809746,,0,0,0,40.68897295809746,114.91018357598512,,0,0,0,114.91018357598512
122,TRP,7.905607832539682,,0,0,0,7.905607832539682,5.059417532167832,,0,0,0,5.059417532167832,175.94234141372516,,0,0,0,175.94234141372516,56.042568082872684,,0,0,0,56.042568082872684,29.16050368919414,,0,0,0,29.16050368919414,120.08214362136196,,0,0,0,120.08214362136196
123,GLU,7.467456364124764,,0,0,0,7.467456364124764,4.375250667310467,,0,0,0,4.375250667310467,174.53224835567212,,0,0,0,174.53224835567212,55.09332328681319,,0,0,0,55.09332328681319,29.673461973609722,,0,0,0,29.673461973609722,121.06094466115552,,0,0,0,121.06094466115552
124,PRO,,,0,0,0,,4.4752557268675766,,0,0,0,4.4752557268675766,176.9796331049728,,0,0,0,176.9796331049728,63.07996980493395,,0,0,0,63.07996980493395,31.829007555067157,,0,0,0,31.829007555067157,,,0,0,0,
125,VAL,8.066216744388944,,0,0,0,8.066216744388944,4.021110075818625,,0,0,0,4.021110075818625,175.7745788809857,,0,0,0,175.7745788809857,62.86485128533689,,0,0,0,62.86485128533689,32.17769105929626,,0,0,0,32.17769105929626,122.42019226592296,,0,0,0,122.42019226592296
126,GLN,8.332199343378843,,0,0,0,8.332199343378843,4.19157000526418,,0,0,0,4.19157000526418,175.80086379824064,,0,0,0,175.80086379824064,56.18722137060162,,0,0,0,56.18722137060162,29.046482905122655,,0,0,0,29.046482905122655,122.81629816273171,,0,0,0,122.81629816273171
127,GLU,8.131735543861694,,0,0,0,8.131735543861694,4.245438576459652,,0,0,0,4.245438576459652,179.137570944117,,0,0,0,179.137570944117,57.65406272973693,,0,0,0,57.65406272973693,30.94364908258963,,0,0,0,30.94364908258963,125.06955943916084,,0,0,0,125.06955943916084
